colors,R,G,B,color_mapped
#FF91AF,255,145,17,머스타드
#FFAA1D,255,170,29,머스타드
#FFBF00,255,191,0,머스타드
#FF7E00,255,126,0,오렌지
#FF9966,255,153,102,코랄
#FFE4C4,255,228,196,베이지
#FF0800,255,8,0,레드
#FEFEFA,254,254,250,화이트
#FF3800,255,56,0,레드
#FFEBCD,255,235,205,베이지
#FF55A3,255,85,163,코랄
#FE6F5E,254,111,94,코랄
#FFF600,255,246,0,옐로
#FFEF00,255,239,0,옐로
#FFA6C9,255,166,201,핑크
#FFFF99,255,255,153,레몬
#FFB7C5,255,183,197,핑크
#FF7F50,255,127,80,코랄
#FFB200,255,178,0,머스타드
#FFA700,255,167,0,머스타드
#FFD300,255,211,0,옐로
#FF1493,255,20,147,마젠타
#FDEE00,253,238,0,옐로
#FAE7B5,250,231,181,베이지
#FFBCD9,255,188,217,핑크
#FFFDD0,255,253,208,아이보리
#FFF8E7,255,248,231,아이보리
#FFF8DC,255,248,220,아이보리
#FF8C00,255,140,0,머스타드
#FF9933,255,153,51,머스타드
#FFFAF0,255,250,240,화이트
#FF5470,255,84,112,코랄
#FD6C9E,253,108,158,코랄
#FF00FF,255,0,255,바이올렛
#FD3F92,253,63,146,마젠타
#FAEBD7,250,235,215,아이보리
#FAF0BE,250,240,190,베이지
#FB607F,251,96,127,코랄
#FBCEB1,251,206,177,핑크
#FBEC5D,251,236,93,레몬
#F88379,248,131,121,코랄
#F5F5F5,245,245,245,화이트
#EFBBCC,239,187,204,핑크
#F7E7CE,247,231,206,베이지
#FB0081,251,0,129,마젠타
#FAD6A5,250,214,165,베이지
#F88379,248,131,121,코랄
#F1DDCF,241,221,207,베이지
#F4C2C2,244,194,194,핑크
#F5F5DC,245,245,220,아이보리
#F64A8A,246,74,138,마젠타
#F56FA1,245,111,161,코랄
#F0FFFF,240,255,255,화이트
#F0F8FF,240,248,255,화이트
#F400A1,244,0,161,마젠타
#EFDECD,239,222,205,베이지
#F0EAD6,240,234,214,아이보리
#EFDFBB,239,223,187,베이지
#F19CBB,241,156,187,핑크
#F0DC82,240,220,130,레몬
#EDC9AF,237,201,175,핑크
#ED872D,237,135,45,오렌지
#E9D66B,233,214,107,모카
#E95C4B,233,92,75,오렌지
#EDEAE0,237,234,224,아이보리
#ED9121,237,145,33,머스타드
#EEDC82,238,220,130,레몬
#E97451,233,116,81,오렌지
#E30022,227,0,34,레드
#E9967A,233,150,122,코랄
#E25822,226,88,34,오렌지
#E3DAC9,227,218,201,베이지
#E52B50,229,43,80,레드
#E936A7,233,54,167,마젠타
#E48400,228,132,0,머스타드
#E68FAC,230,143,172,모카
#E4717A,228,113,122,코랄
#E5AA70,229,170,112,코랄
#E4D00A,228,208,10,머스타드
#E34234,227,66,52,레드
#E03C31,224,60,49,레드
#DC143C,220,20,60,레드
#E1A95F,225,169,95,코랄
#DE6FA1,222,111,161,코랄
#DE5D83,222,93,131,코랄
#DFFF00,223,255,0,라임
#DEB887,222,184,135,모카
#DE3163,222,49,99,마젠타
#DA1884,218,24,132,마젠타
#DE5285,222,82,133,코랄
#DA3287,218,50,135,마젠타
#D2691E,210,105,30,오렌지
#D891EF,216,145,239,라이트 그레이
#D71868,215,24,104,마젠타
#D70040,215,0,64,마젠타
#DA8A67,218,138,103,코랄
#D3212D,211,33,45,레드
#D473D4,212,115,212,라벤더
#D2691E,210,105,30,오렌지
#D0FF14,208,255,20,라임
#C95A49,201,90,73,카멜
#C19A6B,193,154,107,모카
#CC5500,204,85,0,오렌지
#C72C48,199,44,72,레드
#C9FFE5,201,255,229,아이보리
#CAE00D,202,224,13,라임
#CD607E,205,96,126,카멜
#C32148,195,33,72,마젠타
#C19A6B,193,154,107,모카
#CC397B,204,57,123,마젠타
#CC474B,204,71,75,레드
#CD9575,205,149,117,모카
#CD7F32,205,127,50,카멜
#CCFF00,204,255,0,라임
#C74375,199,67,117,마젠타
#CB4154,203,65,84,레드
#C46210,196,98,16,오렌지
#CB6D51,203,109,81,카멜
#C41E3A,196,30,58,레드
#BFFF00,191,255,0,라임
#B48395,180,131,149,라벤더
#B2FFFF,178,255,255,스카이블루
#BDB76B,189,183,107,모카
#C19A6B,193,154,107,모카
#C154C1,193,84,193,라벤더
#C2B280,194,178,128,모카
#BF4F51,191,79,81,카멜
#BCD4E6,188,212,230,라이트 그레이
#BFAFB2,191,175,178,라이트 그레이
#BF00FF,191,0,255,바이올렛
#BD33A4,189,51,164,마젠타
#B9D9EB,185,217,235,라이트 그레이
#B8860B,184,134,11,카멜
#B87333,184,115,51,카멜
#B94E48,185,78,72,카멜
#B31B1B,179,27,27,버건디
#B284BE,178,132,190,라벤더
#B53389,181,51,137,마젠타
#B2BEB5,178,190,181,라이트 그레이
#AD6F69,173,111,105,그레이
#A52A2A,165,42,42,브라운
#ACE1AF,172,225,175,민트
#B0BF1A,176,191,26,카멜
#AB274F,171,39,79,마젠타
#AF6E4D,175,110,77,카멜
#A2A2D0,162,162,208,라벤더
#B22222,178,34,34,브라운
#AA381E,170,56,30,브라운
#AB4B52,171,75,82,카멜
#A67B5B,166,123,91,카멜
#A9B2C3,169,178,195,라이트 그레이
#ACE5EE,172,229,238,스카이블루
#A8516E,168,81,110,그레이
#A67B5B,166,123,91,카멜
#A57164,165,113,100,그레이
#A2006D,162,0,109,퍼플
#A4C639,164,198,57,카멜
#A3C1AD,163,193,173,민트
#A1CAF1,161,202,241,스카이블루
#9F2B68,159,43,104,퍼플
#98817B,152,129,123,그레이
#967117,150,113,23,올리브
#9FA91F,159,169,31,카멜
#9F8170,159,129,112,그레이
#9E1B32,158,27,50,버건디
#91A3B0,145,163,176,라벤더
#A17A74,161,122,116,그레이
#9C2542,156,37,66,버건디
#9EFD38,158,253,56,라임
#9966CC,153,102,204,라벤더
#996666,153,102,102,그레이
#96C8A2,150,200,162,민트
#960018,150,0,24,버건디
#967117,150,113,23,올리브
#9932CC,153,50,204,바이올렛
#9400D3,148,0,211,바이올렛
#8F9779,143,151,121,그레이
#954535,149,69,53,브라운
#915C83,145,92,131,그레이
#8FBC8F,143,188,143,민트
#89CFF0,137,207,240,스카이블루
#8C92AC,140,146,172,라벤더
#8B008B,139,0,139,퍼플
#893F45,137,63,69,브라운
#8CBED6,140,190,214,스카이블루
#8DB600,141,182,0,올리브
#88540B,136,84,11,브라운
#87A96B,135,169,107,그레이
#87413F,135,65,63,브라운
#8F00FF,143,0,255,바이올렛
#8A2BE2,138,43,226,바이올렛
#8A3324,138,51,36,브라운
#8B0000,139,0,0,버건디
#8806CE,136,6,206,바이올렛
#86608E,134,96,142,그레이
#87421F,135,66,31,브라운
#841B2D,132,27,45,버건디
#848482,132,132,130,그레이
#856088,133,96,136,그레이
#7FFF00,127,255,0,라임
#7CB9E8,124,185,232,스카이블루
#81613C,129,97,60,브라운
#702963,112,41,99,퍼플
#7B3F00,123,63,0,브라운
#7FFFD4,127,255,212,스카이블루
#856D4D,133,109,77,그레이
#800020,128,0,32,버건디
#7E5E60,126,94,96,그레이
#801818,128,24,24,버건디
#7C0A02,124,10,2,버건디
#7F1734,127,23,52,버건디
#77B5FE,119,181,254,스카이블루
#7DF9FF,125,249,255,스카이블루
#79443B,121,68,59,브라운
#6F4E37,111,78,55,카키
#72A0C1,114,160,193,라벤더
#7366BD,115,102,189,라벤더
#7BB661,123,182,97,그레이
#703642,112,54,66,차콜
#6495ED,100,149,237,스카이블루
#6F00FF,111,0,255,바이올렛
#6C3082,108,48,130,퍼플
#6699CC,102,153,204,라벤더
#6C541E,108,84,30,브라운
#660000,102,0,0,버건디
#6D9BC3,109,155,195,라벤더
#696969,105,105,105,그레이
#66FF00,102,255,0,라임
#5F9EA0,95,158,160,그레이
#666699,102,102,153,그레이
#58427C,88,66,124,차콜
#592720,89,39,32,카키
#614051,97,64,81,차콜
#5D3954,93,57,84,차콜
#665D1E,102,93,30,카키
#5FA777,95,167,119,그레이
#654321,101,67,33,카키
#568203,86,130,3,올리브
#5DADEC,93,173,236,스카이블루
#536878,83,104,120,그레이
#543D37,84,61,55,차콜
#4B3621,75,54,33,카키
#50C878,80,200,120,민트
#56A0D3,86,160,211,터쿼이즈
#536872,83,104,114,그레이
#534B4F,83,75,79,차콜
#563C5C,86,60,92,차콜
#556B2F,85,107,47,카키
#54626F,84,98,111,차콜
#5072A7,80,114,167,그레이
#555D50,85,93,80,차콜
#555555,85,85,85,차콜
#4B5320,75,83,32,카키
#4D5D53,77,93,83,차콜
#4F7942,79,121,66,카키
#4A5D23,74,93,35,카키
#483C32,72,60,50,차콜
#4D1A7F,77,26,127,퍼플
#4A646C,74,100,108,차콜
#483D8B,72,61,139,차콜
#3D0C02,61,12,2,블랙
#3D2B1F,61,43,31,카키
#3B3C36,59,60,54,차콜
#3C69E7,60,105,231,블루
#2E5894,46,88,148,블루
#36454F,54,69,79,차콜
#2A52BE,42,82,190,블루
#2E2D88,46,45,136,네이비
#2F847C,47,132,124,그레이
#3B2F2F,59,47,47,차콜
#3B7A57,59,122,87,차콜
#3C1414,60,20,20,딥그린
#333399,51,51,153,블루
#2F4F4F,47,79,79,차콜
#26428B,38,66,139,블루
#318CE7,49,140,231,터쿼이즈
#301934,48,25,52,차콜
#246BCE,36,107,206,블루
#232B2B,35,43,43,딥그린
#1E90FF,30,144,255,터쿼이즈
#064E40,6,78,64,딥그린
#1560BD,21,96,189,블루
#1B1B1B,27,27,27,딥그린
#2243B6,34,67,182,블루
#1F75FE,31,117,254,블루
#0063dc,0,99,220,블루
#228B22,34,139,34,그린
#1B1811,27,24,17,딥그린
#1B4D3E,27,77,62,차콜
#1B4D3E,27,77,62,차콜
#1DACD6,29,172,214,터쿼이즈
#15F4EE,21,244,238,터쿼이즈
#1974D2,25,116,210,블루
#1A2421,26,36,33,딥그린
#177245,23,114,69,그린
#0247FE,2,71,254,블루
#1034A6,16,52,166,블루
#126180,18,97,128,블루
#0D98BA,13,152,186,블루
#03C03C,3,192,60,그린
#0048BA,0,72,186,블루
#000000,0,0,0,블랙
#006B3C,0,107,60,그린
#0093AF,0,147,175,블루
#004225,0,66,37,딥그린
#0087BD,0,135,189,블루
#0018A8,0,24,168,네이비
#0047AB,0,71,171,블루
#006A4E,0,106,78,그린
#0000FF,0,0,255,블루
#00563F,0,86,63,딥그린
#007FFF,0,127,255,블루
#00FFFF,0,255,255,터쿼이즈
#008000,0,128,0,그린
#007BA7,0,123,167,블루
#00BFFF,0,191,255,터쿼이즈
#00CC99,0,204,153,터쿼이즈
#007AA5,0,122,165,블루
#007BA7,0,123,167,블루
#00B7EB,0,183,235,터쿼이즈
#013220,1,50,32,딥그린
#008B8B,0,139,139,블루
#E49B0F,228,155,15,머스타드
#00CED1,0,206,209,터쿼이즈
#006400,0,100,0,그린
#DCDCDC,220,220,220,베이지
#004B49,0,75,73,딥그린
#0072BB,0,114,187,블루
#00009C,0,0,156,네이비
#014421,1,68,33,딥그린
#00BFFF,0,191,255,터쿼이즈
#00703C,0,112,60,그린
#00FF40,0,255,64,그린
#00FF00,0,255,0,그린
#AB92B3,171,146,179,라벤더
#6082B6,96,130,182,라벤더
#F8F8FF,248,248,255,화이트
#007F66,0,127,102,그린
#00AB66,0,171,102,그린
#85754E,133,117,78,그레이
#A57C00,165,124,0,올리브
#D4AF37,212,175,55,카멜
#E6BE8A,230,190,138,모카
#FFD700,255,215,0,옐로
#00FF00,0,255,0,그린
#FCC200,252,194,0,머스타드
#BEBEBE,190,190,190,라이트 그레이
#009F6B,0,159,107,그린
#DAA520,218,165,32,머스타드
#808080,128,128,128,그레이
#00A877,0,168,119,그린
#676767,103,103,103,그레이
#FFDF00,255,223,0,옐로
#996515,153,101,21,브라운
#1CAC78,28,172,120,터쿼이즈
#00AD43,0,173,67,그린
#008000,0,128,0,그린
#A8E4A0,168,228,160,민트
#66B032,102,176,50,올리브
#00A550,0,165,80,그린
#009966,0,153,102,그린
#2887C8,40,135,200,블루
#1164B4,17,100,180,블루
#A99A86,169,154,134,그레이
#6EAEA1,110,174,161,민트
#ADFF2F,173,255,47,라임
#F0E891,240,232,145,레몬
#A7F432,167,244,50,라임
#3FFF00,63,255,0,올리브
#E9D66B,233,214,107,모카
#5218FA,82,24,250,바이올렛
#446CCF,68,108,207,블루
#2a3439,42,52,57,차콜
#DF73FF,223,115,255,라벤더
#AA98A9,170,152,169,라벤더
#DA9100,218,145,0,머스타드
#F400A1,244,0,161,마젠타
#FF7A00,255,122,0,오렌지
#FF69B4,255,105,180,코랄
#FF1DCE,255,29,206,마젠타
#F0FFF0,240,255,240,화이트
#006DB0,0,109,176,블루
#49796B,73,121,107,그레이
#71A6D2,113,166,210,스카이블루
#319177,49,145,119,그레이
#FCF75E,252,247,94,레몬
#ED2939,237,41,57,레드
#355E3B,53,94,59,카키
#4C516D,76,81,109,차콜
#E3A857,227,168,87,코랄
#138808,19,136,8,그린
#B2EC5D,178,236,93,모카
#CD5C5C,205,92,92,카멜
#00416A,0,65,106,네이비
#4B0082,75,0,130,퍼플
#FF4F00,255,79,0,오렌지
#BA160C,186,22,12,레드
#002FA7,0,47,167,블루
#C0362C,192,54,44,레드
#5A4FCF,90,79,207,바이올렛
#FFFFF0,255,255,240,화이트
#00A86B,0,168,107,그린
#3AB09E,58,176,158,터쿼이즈
#29AB87,41,171,135,터쿼이즈
#F8DE7E,248,222,126,레몬
#4CBB17,76,187,23,올리브
#343434,52,52,52,차콜
#B3446C,179,68,108,마젠타
#B2FFFF,178,255,255,스카이블루
#F4F0EC,244,240,236,아이보리
#A50B5E,165,11,94,퍼플
#BDDA57,189,218,87,모카
#F4CA16,244,202,22,머스타드
#E8F48C,232,244,140,레몬
#F0E68C,240,230,140,레몬
#882D17,136,45,23,브라운
#C3B091,195,176,145,모카
#E79FC4,231,159,196,핑크
#26619C,38,97,156,블루
#A9BA9D,169,186,157,민트
#FFF0F5,255,240,245,화이트
#512888,81,40,136,퍼플
#6B4423,107,68,35,브라운
#D6CADD,214,202,221,라이트 그레이
#CCA01D,204,160,29,카멜
#354230,53,66,48,차콜
#CF1020,207,16,32,레드
#E6E6FA,230,230,250,화이트
#FFFF66,255,255,102,레몬
#B57EDC,181,126,220,라벤더
#FFF700,255,247,0,옐로
#CCCCFF,204,204,255,라이트 그레이
#C4C3D0,196,195,208,라이트 그레이
#7CFC00,124,252,0,라임
#FFFACD,255,250,205,아이보리
#FFF44F,255,244,79,레몬
#FDFF00,253,255,0,옐로
#F6EABE,246,234,190,베이지
#93CCEA,147,204,234,스카이블루
#D3D3D3,211,211,211,라이트 그레이
#FFA07A,255,160,122,코랄
#FFFF9F,255,255,159,레몬
#545AA7,84,90,167,그레이
#F08080,240,128,128,코랄
#ADD8E6,173,216,230,스카이블루
#FFFFE0,255,255,224,아이보리
#C8AD7F,200,173,127,모카
#FAFAD2,250,250,210,아이보리
#E0FFFF,224,255,255,화이트
#90EE90,144,238,144,민트
#20B2AA,32,178,170,터쿼이즈
#FED8B1,254,216,177,베이지
#FFB6C1,255,182,193,핑크
#C5CBE1,197,203,225,라이트 그레이
#B0C4DE,176,196,222,라이트 그레이
#87CEFA,135,206,250,스카이블루
#778899,119,136,153,그레이
#C8A2C8,200,162,200,라이트 그레이
#AE98AA,174,152,170,라벤더
#6CA0DC,108,160,220,스카이블루
#FAF0E6,250,240,230,아이보리
#BFFF00,191,255,0,라임
#195905,25,89,5,그린
#674C47,103,76,71,차콜
#DE6FA1,222,111,161,코랄
#C19A6B,193,154,107,모카
#32CD32,50,205,50,그린
#00FF00,0,255,0,그린
#B86D29,184,109,41,카멜
#987456,152,116,86,그레이
#6C2E1F,108,46,31,브라운
#6699CC,102,153,204,라벤더
#FFBD88,255,189,136,코랄
#CC3336,204,51,54,레드
#D0417E,208,65,126,마젠타
#CA1F7B,202,31,123,마젠타
#FF00FF,255,0,255,바이올렛
#F653A6,246,83,166,코랄
#FF0090,255,0,144,마젠타
#C04000,192,64,0,브라운
#9F4576,159,69,118,그레이
#AAF0D1,170,240,209,민트
#F8F4FF,248,244,255,화이트
#0BDA51,11,218,81,그린
#F2C649,242,198,73,코랄
#6050DC,96,80,220,바이올렛
#979AAA,151,154,170,라벤더
#B03060,176,48,96,마젠타
#880085,136,0,133,퍼플
#74C365,116,195,101,그레이
#FDBE02,253,190,2,머스타드
#F37A48,243,122,72,오렌지
#FF8243,255,130,67,오렌지
#C32148,195,33,72,마젠타
#E0B0FF,224,176,255,핑크
#EAA221,234,162,33,머스타드
#800000,128,0,0,버건디
#ACACE6,172,172,230,라이트 그레이
#66DDAA,102,221,170,민트
#A63A79,166,58,121,퍼플
#47ABCC,71,171,204,터쿼이즈
#30BFBF,48,191,191,터쿼이즈
#BA55D3,186,85,211,라벤더
#915F6D,145,95,109,그레이
#EF98AA,239,152,170,모카
#D92121,217,33,33,레드
#5E8C31,94,140,49,카키
#733380,115,51,128,퍼플
#D9E650,217,230,80,라임
#FAFA37,250,250,55,옐로
#73C2FB,115,194,251,스카이블루
#4C9141,76,145,65,카키
#F2BA49,242,186,73,코랄
#E2062C,226,6,44,레드
#AF4035,175,64,53,브라운
#0000CD,0,0,205,블루
#F3E5AB,243,229,171,베이지
#7B68EE,123,104,238,바이올렛
#3CB371,60,179,113,그레이
#9370DB,147,112,219,라벤더
#00FA9A,0,250,154,터쿼이즈
#48D1CC,72,209,204,터쿼이즈
#F8B878,248,184,120,코랄
#F8DE7E,248,222,126,레몬
#FEBAAD,254,186,173,핑크
#C71585,199,21,133,마젠타
#D3AF37,211,175,55,카멜
#0A7E8C,10,126,140,블루
#9C7C38,156,124,56,카멜
#7ED4E6,126,212,230,스카이블루
#8DD9CC,141,217,204,민트
#E4007C,228,0,124,마젠타
#8B72BE,139,114,190,라벤더
#4D8C57,77,140,87,그레이
#8B8680,139,134,128,그레이
#D982B5,217,130,181,라벤더
#ACBF60,172,191,96,모카
#FFEB00,255,235,0,옐로
#A55353,165,83,83,카멜
#E58E73,229,142,115,코랄
#702670,112,38,112,퍼플
#ECB176,236,177,118,코랄
#191970,25,25,112,네이비
#FFDAE9,255,218,233,아이보리
#E3F988,227,249,136,레몬
#FFC40C,255,196,12,머스타드
#004953,0,73,83,딥그린
#F5FFFA,245,255,250,화이트
#98FF98,152,255,152,민트
#3EB489,62,180,137,터쿼이즈
#F5E050,245,224,80,코랄
#36747D,54,116,125,그레이
#8DA399,141,163,153,그레이
#967117,150,113,23,올리브
#BBB477,187,180,119,모카
#8A9A5B,138,154,91,그레이
#FFE4E1,255,228,225,아이보리
#30BA8F,48,186,143,터쿼이즈
#997A8D,153,122,141,그레이
#C8509B,200,80,155,라벤더
#18453B,24,69,59,딥그린
#C54B8C,197,75,140,라벤더
#AD4379,173,67,121,그레이
#D65282,214,82,130,마젠타
#FFDB58,255,219,88,코랄
#F6ADC6,246,173,198,핑크
#317873,49,120,115,차콜
#FFDEAD,255,222,173,베이지
#000080,0,0,128,네이비
#1974D2,25,116,210,블루
#FADA5E,250,218,94,코랄
#4666FF,70,102,255,블루
#39FF14,57,255,20,올리브
#A4DDED,164,221,237,스카이블루
#D7837F,215,131,127,코랄
#E9FFDB,233,255,219,아이보리
#727472,114,116,114,그레이
#4F42B5,79,66,181,블루
#CC7722,204,119,34,카멜
#48BF91,72,191,145,터쿼이즈
#CFB53B,207,181,59,카멜
#43302E,67,48,46,차콜
#FDF5E6,253,245,230,아이보리
#848482,132,132,130,그레이
#C08081,192,128,129,모카
#796878,121,104,120,그레이
#808000,128,128,0,올리브
#673147,103,49,71,차콜
#6B8E23,107,142,35,올리브
#B5B35C,181,179,92,카멜
#9AB973,154,185,115,민트
#FF7538,255,117,56,오렌지
#3C341F,60,52,31,카키
#353839,53,56,57,차콜
#A8C3BC,168,195,188,라이트 그레이
#B784A7,183,132,167,라벤더
#FF7F00,255,127,0,오렌지
#FF681F,255,104,31,오렌지
#FF9F00,255,159,0,머스타드
#FFA500,255,165,0,머스타드
#FF5349,255,83,73,오렌지
#FF5800,255,88,0,오렌지
#F5BD1F,245,189,31,머스타드
#F2BDCD,242,189,205,핑크
#F8D568,248,213,104,코랄
#FA5B3D,250,91,61,오렌지
#DA70D6,218,112,214,라벤더
#002147,0,33,71,딥그린
#FF6E4A,255,110,74,오렌지
#2D383A,45,56,58,차콜
#E29CD2,226,156,210,핑크
#800020,128,0,32,버건디
#BCD4E6,188,212,230,라이트 그레이
#1CA9C9,28,169,201,터쿼이즈
#006600,0,102,0,그린
#841617,132,22,23,버건디
#682860,104,40,96,차콜
#ECEBBD,236,235,189,베이지
#FADADD,250,218,221,베이지
#C9C0BB,201,192,187,라이트 그레이
#FAE6FA,250,230,250,화이트
#9BC4E2,155,196,226,스카이블루
#009B7D,0,155,125,블루
#78184A,120,24,74,버건디
#E63E62,230,62,98,레드
#50C878,80,200,120,민트
#FFEFD5,255,239,213,아이보리
#DEA5A4,222,165,164,모카
#FFE5B4,255,229,180,베이지
#536878,83,104,120,그레이
#800080,128,0,128,퍼플
#FFCBA4,255,203,164,핑크
#FFDAB9,255,218,185,베이지
#D1E231,209,226,49,라임
#B768A2,183,104,162,라벤더
#CCCCFF,204,204,255,라이트 그레이
#C3CDE6,195,205,230,라이트 그레이
#E12C2C,225,44,44,레드
#00A693,0,166,147,터쿼이즈
#D99058,217,144,88,카멜
#32127A,50,18,122,네이비
#1C39BB,28,57,187,블루
#01796F,1,121,111,블루
#701C1C,112,28,28,버건디
#FE28A2,254,40,162,마젠타
#CC3333,204,51,51,레드
#8BA8B7,139,168,183,라벤더
#F77FBE,247,127,190,핑크
#DF00FF,223,0,255,바이올렛
#EC5800,236,88,0,오렌지
#123524,18,53,36,딥그린
#2E2787,46,39,135,네이비
#FFC0CB,255,192,203,핑크
#000F89,0,15,137,네이비
#C30B4E,195,11,78,마젠타
#FDDDE6,253,221,230,아이보리
#2A2F23,42,47,35,딥그린
#D74894,215,72,148,마젠타
#93C572,147,197,114,민트
#003153,0,49,83,딥그린
#F78FA7,247,143,167,코랄
#FC74FD,252,116,253,핑크
#B0E0E6,176,224,230,스카이블루
#D8B2D1,216,178,209,라이트 그레이
#FFDDF4,255,221,244,화이트
#E5E4E2,229,228,226,아이보리
#8E4585,142,69,133,그레이
#5DA493,93,164,147,그레이
#5946B2,89,70,178,바이올렛
#701C1C,112,28,28,버건디
#FF5A36,255,90,54,오렌지
#DDA0DD,221,160,221,핑크
#DF00FF,223,0,255,바이올렛
#F58025,245,128,37,오렌지
#86608E,134,96,142,그레이
#BE4F62,190,79,98,카멜
#CC8899,204,136,153,모카
#644117,100,65,23,브라운
#FF7518,255,117,24,오렌지
#FE4EDA,254,78,218,라벤더
#4E5180,78,81,128,차콜
#6A0DAD,106,13,173,퍼플
#800080,128,0,128,퍼플
#9F00C5,159,0,197,바이올렛
#9C51B6,156,81,182,라벤더
#9A4EAE,154,78,174,라벤더
#A020F0,160,32,240,바이올렛
#9678B6,150,120,182,라벤더
#E8CCD7,232,204,215,핑크
#915F6D,145,95,109,그레이
#242124,36,33,36,딥그린
#A6A6A6,166,166,166,라벤더
#8E3A59,142,58,89,브라운
#436B95,67,107,149,그레이
#FF355E,255,53,94,레드
#E30B5D,227,11,93,마젠타
#FBAB60,251,171,96,코랄
#FF33CC,255,51,204,마젠타
#B3446C,179,68,108,마젠타
#663399,102,51,153,퍼플
#D68A59,214,138,89,카멜
#EE204D,238,32,77,레드
#826644,130,102,68,브라운
#E3256B,227,37,107,마젠타
#FF0000,255,0,0,레드
#F2003C,242,0,60,레드
#8D4E85,141,78,133,그레이
#ED1C24,237,28,36,레드
#FF5349,255,83,73,오렌지
#C40233,196,2,51,마젠타
#FE2712,254,39,18,레드
#ED2939,237,41,57,레드
#C71585,199,21,133,마젠타
#FD3A4A,253,58,74,레드
#E40078,228,0,120,마젠타
#FF681F,255,104,31,오렌지
#FF4500,255,69,0,레드
#C0448F,192,68,143,마젠타
#A45A52,164,90,82,카멜
#002387,0,35,135,네이비
#777696,119,118,150,그레이
#010203,1,2,3,블랙
#004040,0,64,64,딥그린
#922B3E,146,43,62,브라운
#010B13,1,11,19,블랙
#FF66CC,255,102,204,핑크
#F9429E,249,66,158,마젠타
#FF007F,255,0,127,마젠타
#674846,103,72,70,차콜
#838996,131,137,150,그레이
#00CCCC,0,204,204,터쿼이즈
#9E5E6F,158,94,111,그레이
#444C38,68,76,56,차콜
#8A7F80,138,127,128,그레이
#AA98A9,170,152,169,라벤더
#E32636,227,38,54,레드
#C21E56,194,30,86,마젠타
#905D5D,144,93,93,그레이
#80461B,128,70,27,브라운
#D10056,209,0,86,마젠타
#CE4676,206,70,118,마젠타
#FADA5E,250,218,94,코랄
#679267,103,146,103,그레이
#002366,0,35,102,네이비
#A81C07,168,28,7,브라운
#D40000,212,0,0,레드
#AB4E52,171,78,82,카멜
#4169E1,65,105,225,블루
#65000B,101,0,11,버건디
#BC8F8F,188,143,143,모카
#7851A9,120,81,169,라벤더
#E0115F,224,17,95,마젠타
#9B111E,155,17,30,버건디
#DA2C43,218,44,67,레드
#043927,4,57,39,딥그린
#32174D,50,23,77,차콜
#B7410E,183,65,14,브라운
#8B4513,139,69,19,브라운
#F4C430,244,196,48,머스타드
#BCB88A,188,184,138,모카
#EED202,238,210,2,머스타드
#FF7800,255,120,0,오렌지
#FF6700,255,103,0,오렌지
#967117,150,113,23,올리브
#0067A5,0,103,165,블루
#FF91A4,255,145,164,코랄
#FA8072,250,128,114,코랄
#0F52BA,15,82,186,블루
#23297A,35,41,122,네이비
#C2B280,194,178,128,모카
#507D2A,80,125,42,카키
#0067A5,0,103,165,블루
#FF2400,255,36,0,레드
#FF91AF,255,145,175,핑크
#F4A460,244,164,96,코랄
#CBA135,203,161,53,카멜
#FFD800,255,216,0,옐로
#FC0FC0,252,15,192,마젠타
#2E8B57,46,139,87,카키
#778BA5,119,139,165,그레이
#FFF5EE,255,245,238,화이트
#00FFCD,0,255,205,터쿼이즈
#AAA9AD,170,169,173,라이트 그레이
#66FF66,102,255,102,민트
#59260B,89,38,11,카키
#009E60,0,158,96,그린
#8A795D,138,121,93,그레이
#704214,112,66,20,브라운
#FFBA00,255,186,0,머스타드
#5FA778,95,167,120,그레이
#FF6FFF,255,111,255,핑크
#D98695,217,134,149,모카
#8FD400,143,212,0,라임
#C0C0C0,192,192,192,라이트 그레이
#882D17,136,45,23,브라운
#C9C0BB,201,192,187,라이트 그레이
#CB410B,203,65,11,레드
#FF3855,255,56,85,레드
#ACACAC,172,172,172,라이트 그레이
#BFC1C2,191,193,194,라이트 그레이
#C4AEAD,196,174,173,라이트 그레이
#CF71AF,207,113,175,라벤더
#007474,0,116,116,블루
#FFDB00,255,219,0,옐로
#76D7EA,118,215,234,스카이블루
#100C08,16,12,8,블랙
#299617,41,150,23,그린
#708090,112,128,144,그레이
#6A5ACD,106,90,205,바이올렛
#C84186,200,65,134,마젠타
#807532,128,117,50,올리브
#893843,137,56,67,브라운
#757575,117,117,117,그레이
#1D2951,29,41,81,차콜
#FFFAFA,255,250,250,화이트
#E86100,232,97,0,오렌지
#0070B8,0,112,184,블루
#D10047,209,0,71,마젠타
#989898,152,152,152,그레이
#009150,0,145,80,그린
#F7BFBE,247,191,190,핑크
#00FFFF,0,255,255,터쿼이즈
#ECEBBD,236,235,189,베이지
#CC33CC,204,51,204,바이올렛
#5F8A8B,95,138,139,그레이
#E4D96F,228,217,111,모카
#E60026,230,0,38,레드
#A7FC00,167,252,0,라임
#87FF2A,135,255,42,라임
#007F5C,0,127,92,그린
#4C2882,76,40,130,퍼플
#4682B4,70,130,180,그레이
#007BB8,0,123,184,블루
#00FF7F,0,255,127,터쿼이즈
#FADA5E,250,218,94,코랄
#FFCC33,255,204,51,머스타드
#E3AB57,227,171,87,코랄
#914E75,145,78,117,그레이
#CF6BA9,207,107,169,라벤더
#FAD6A5,250,214,165,베이지
#E4717A,228,113,122,코랄
#D2B48C,210,180,140,모카
#F28500,242,133,0,머스타드
#483C32,72,60,50,차콜
#FB4D46,251,77,70,오렌지
#F88379,248,131,121,코랄
#D99A6C,217,154,108,코랄
#A83731,168,55,49,브라운
#8B8589,139,133,137,그레이
#D0F0C0,208,240,192,베이지
#CD5700,205,87,0,오렌지
#CF3476,207,52,118,마젠타
#008080,0,128,128,블루
#F4C2C2,244,194,194,핑크
#0ABAB5,10,186,181,터쿼이즈
#FF6347,255,99,71,오렌지
#FAD6A5,250,214,165,베이지
#DEAA88,222,170,136,모카
#D8BFD8,216,191,216,라이트 그레이
#FC89AC,252,137,172,코랄
#DE6FA1,222,111,161,코랄
#E2725B,226,114,91,카멜
#DBD7D2,219,215,210,베이지
#00755E,0,117,94,그린
#EEE600,238,230,0,옐로
#2D68C4,45,104,196,블루
#40E0D0,64,224,208,터쿼이즈
#1C05B3,28,5,179,네이비
#3E8EDE,62,142,222,터쿼이즈
#6F4E37,111,78,55,카키
#8A9A5B,138,154,91,그레이
#7C4848,124,72,72,브라운
#A0D6B4,160,214,180,민트
#C09999,192,153,153,모카
#FF6FFF,255,111,255,핑크
#FFFF66,255,255,102,레몬
#004F98,0,79,152,블루
#0033AA,0,51,170,블루
#8A496B,138,73,107,그레이
#A67B5B,166,123,91,카멜
#66023C,102,2,60,버건디
#3F00FF,63,0,255,바이올렛
#D9004C,217,0,76,마젠타
#4166F5,65,102,245,블루
#FC6C85,252,108,133,코랄
#664228,102,66,40,카키
#FFDDCA,255,221,202,베이지
#635147,99,81,71,차콜
#5B92E5,91,146,229,스카이블루
#AE2029,174,32,41,브라운
#014421,1,68,33,딥그린
#AFDBF5,175,219,245,스카이블루
#7B1113,123,17,19,버건디
#F3E5AB,243,229,171,베이지
#C80815,200,8,21,레드
#7F00FF,127,0,255,바이올렛
#963D7F,150,61,127,퍼플
#F38FA9,243,143,169,코랄
#43B3AE,67,179,174,터쿼이즈
#8F00FF,143,0,255,바이올렛
#A020F0,160,32,240,바이올렛
#C5B358,197,179,88,카멜
#9F1D35,159,29,53,버건디
#009698,0,150,152,블루
#766EC8,118,110,200,라벤더
#F75394,247,83,148,코랄
#EE82EE,238,130,238,핑크
#00CCFF,0,204,255,터쿼이즈
#324AB2,50,74,178,블루
#8601AF,134,1,175,퍼플
#40826D,64,130,109,그레이
#CEFF00,206,255,0,라임
#EEED09,238,237,9,옐로
#673147,103,49,71,차콜
#D470A2,212,112,162,라벤더
#F5DEB3,245,222,179,베이지
#004242,0,66,66,딥그린
#9F00FF,159,0,255,바이올렛
#FFA089,255,160,137,코랄
#FFFFFF,255,255,255,화이트
#A2ADD0,162,173,208,라이트 그레이
#FF43A4,255,67,164,마젠타
#FC6C85,252,108,133,코랄
#A75502,167,85,2,브라운
#722F37,114,47,55,브라운
#FF007C,255,0,124,마젠타
#56887D,86,136,125,그레이
#C9A0DC,201,160,220,라이트 그레이
#738678,115,134,120,그레이
#C19A6B,193,154,107,모카
#0C020F,12,2,15,블랙
#FCE883,252,232,131,레몬
#0F4D92,15,77,146,블루
#39A78E,57,167,142,그레이
#FEFE33,254,254,51,옐로
#FFD300,255,211,0,옐로
#2E5090,46,80,144,블루
#EFCC00,239,204,0,머스타드
#FFEF00,255,239,0,옐로
#0014A8,0,20,168,네이비
#9ACD32,154,205,50,카멜
#FFFF00,255,255,0,옐로
#FFF700,255,247,0,옐로
#C5E384,197,227,132,모카
#30B21A,48,178,26,그린
#FEDF00,254,223,0,옐로
#FF9505,255,149,5,머스타드
#FFAE42,255,174,66,코랄
#031E51,3,30,81,딥그린
#00129D,0,18,157,네이비
#001A7B,0,26,123,네이비
#001D68,0,29,104,네이비
#00204E,0,32,78,딥그린
#002065,0,32,101,네이비
#002252,0,34,82,딥그린
#002280,0,34,128,네이비
#00234C,0,35,76,딥그린
#00237E,0,35,126,네이비
#002569,0,37,105,네이비
#00267F,0,38,127,네이비
#002740,0,39,64,딥그린
#002830,0,40,48,딥그린
#002A46,0,42,70,딥그린
#002B5F,0,43,95,네이비
#002D62,0,45,98,네이비
#002F5D,0,47,93,네이비
#003066,0,48,102,네이비
#003082,0,48,130,네이비
#003151,0,49,81,딥그린
#003440,0,52,64,딥그린
#00344D,0,52,77,딥그린
#003580,0,53,128,네이비
#003596,0,53,150,블루
#0035AD,0,53,173,블루
#003798,0,53,152,블루
#003947,0,57,71,딥그린
#003A4F,0,58,79,딥그린
#003B6F,0,59,111,네이비
#003C79,0,60,121,네이비
#003E51,0,62,81,딥그린
#004159,0,65,89,딥그린
#004236,0,66,54,딥그린
#00423C,0,66,60,딥그린
#00436E,0,67,110,네이비
#004650,0,70,80,딥그린
#004731,0,71,49,딥그린
#0047B6,0,71,182,블루
#0047BE,0,71,190,블루
#00496E,0,73,110,네이비
#004A41,0,74,65,딥그린
#004F5D,0,79,93,딥그린
#00524D,0,82,77,딥그린
#00529B,0,82,155,블루
#00533E,0,83,62,딥그린
#0053A5,0,83,165,블루
#005883,0,88,131,블루
#005A53,0,90,83,딥그린
#005BC3,0,91,195,블루
#006068,0,96,104,차콜
#0060A1,0,96,161,블루
#006233,0,98,51,그린
#00625A,0,98,90,딥그린
#00626E,0,98,110,블루
#00628C,0,98,140,블루
#006644,0,102,68,그린
#006651,0,102,81,그린
#00667C,0,102,124,블루
#006685,0,102,133,블루
#006752,0,103,82,그린
#0067C6,0,103,198,블루
#006A4E,0,106,78,그린
#006F7A,0,111,122,블루
#0070B2,0,112,178,블루
#0070B2,0,112,178,블루
#007168,0,113,104,차콜
#007229,0,114,41,그린
#0076CC,0,118,204,블루
#00774B,0,119,75,그린
#007770,0,119,112,블루
#0077D4,0,119,212,블루
#007856,0,120,86,그린
#007A97,0,122,151,블루
#007B63,0,123,99,그린
#007C6F,0,124,111,블루
#007CA4,0,124,164,블루
#007E3A,0,126,58,그린
#007E64,0,126,100,그린
#007FAC,0,127,172,블루
#008193,0,129,147,블루
#008478,0,132,120,블루
#008480,0,132,128,블루
#008579,0,133,121,블루
#0085C2,0,133,194,블루
#0092BA,0,146,189,블루
#0092C7,0,146,199,블루
#0092DD,0,146,221,블루
#009384,0,147,132,블루
#009460,0,148,96,그린
#009530,0,149,48,그린
#009543,0,149,67,그린
#0097AC,0,15,172,네이비
#009878,0,152,120,블루
#00997A,0,153,122,블루
#009ACF,0,154,207,블루
#009EC0,0,158,192,블루
#00A0E2,0,160,226,터쿼이즈
#00A19C,0,161,156,블루
#00A2E1,0,162,225,터쿼이즈
#00A7D4,0,167,212,터쿼이즈
#00A7D8,0,167,216,터쿼이즈
#00A994,0,169,148,터쿼이즈
#00AB39,0,171,57,그린
#00AE68,0,174,104,그린
#00AE97,0,174,151,터쿼이즈
#00AECE,0,174,206,터쿼이즈
#00AFAD,0,175,173,터쿼이즈
#00B08B,0,176,139,터쿼이즈
#00B09D,0,176,157,터쿼이즈
#00B2DE,0,178,222,터쿼이즈
#00B5E6,0,181,230,터쿼이즈
#00BAB9,0,186,185,터쿼이즈
#00C2B6,0,194,182,터쿼이즈
#00C2E3,0,194,227,터쿼이즈
#00C4DC,0,196,220,터쿼이즈
#00C590,0,197,144,터쿼이즈
#02253A,2,37,58,딥그린
#032D23,3,45,35,딥그린
#0B2345,11,35,69,딥그린
#0F4D2A,15,77,42,딥그린
#0F6259,15,98,89,차콜
#11568C,17,86,140,블루
#12AD2B,18,173,43,그린
#13694E,19,105,78,차콜
#151C55,21,28,85,네이비
#151D71,21,29,113,네이비
#183533,24,53,51,딥그린
#18453B,24,69,59,딥그린
#18472C,24,71,44,딥그린
#193025,25,48,37,딥그린
#1A1C96,26,28,150,네이비
#1B0069,27,0,105,네이비
#1B0C55,27,12,85,네이비
#1B3930,27,57,48,딥그린
#1D1157,29,17,87,네이비
#1E22AE,30,34,174,블루
#1F211C,31,33,28,딥그린
#1F5647,31,86,71,차콜
#211265,33,18,101,네이비
#212424,33,36,36,딥그린
#212930,33,41,48,딥그린
#214232,33,66,50,차콜
#22007A,34,0,122,네이비
#22483F,34,72,63,차콜
#241A44,36,26,68,차콜
#24604A,36,96,74,차콜
#25177A,37,23,122,네이비
#253355,37,51,85,차콜
#262A39,38,42,57,차콜
#280092,40,0,146,네이비
#289728,40,151,40,그린
#293F6F,41,63,111,차콜
#296DC1,41,109,193,블루
#2A254B,42,37,75,차콜
#2A568F,42,86,143,블루
#2F8927,47,137,39,그린
#317023,49,112,35,카키
#323532,50,53,50,차콜
#32D4CB,50,212,203,터쿼이즈
#36CCDA,54,204,218,터쿼이즈
#372B27,55,43,39,차콜
#381D59,59,29,89,차콜
#3878DB,56,120,219,블루
#392E2C,57,46,44,차콜
#3B0084,59,0,132,네이비
#3BD6B2,59,214,178,터쿼이즈
#3C5B59,60,91,89,차콜
#3D4242,61,66,66,차콜
#3E4723,62,71,35,카키
#3E647E,62,100,126,차콜
#404616,64,70,22,카키
#404F24,64,79,36,카키
#40BDE8,64,189,232,터쿼이즈
#414B56,65,75,86,차콜
#4189DD,65,137,221,터쿼이즈
#41D2D2,65,210,210,터쿼이즈
#42B4E6,66,180,230,터쿼이즈
#43125F,67,18,95,차콜
#432C5F,67,44,95,차콜
#433B67,67,59,103,차콜
#43C4B7,67,196,183,터쿼이즈
#43D9C7,67,217,199,터쿼이즈
#441E1F,68,30,31,차콜
#443535,68,53,53,차콜
#452663,69,38,99,차콜
#45293B,69,41,59,차콜
#4555C7,69,85,199,블루
#473E26,71,62,38,카키
#47C7C7,71,199,199,터쿼이즈
#48B8D2,72,184,210,터쿼이즈
#4A217E,74,33,126,퍼플
#4A601C,74,96,28,카키
#4A6D62,74,109,98,차콜
#4B0B71,75,11,113,퍼플
#4B253E,75,37,62,차콜
#4B2A46,75,42,70,차콜
#4B4516,75,69,22,카키
#4D4325,77,67,37,카키
#4D5A12,77,90,18,카키
#4E2029,78,32,41,차콜
#4E2614,78,38,20,카키
#4E2A28,78,42,40,차콜
#4F027C,79,2,124,퍼플
#4F1F91,79,31,145,퍼플
#4F2248,79,34,72,차콜
#4F5559,79,85,89,차콜
#4F8A10,79,138,16,올리브
#4F8D97,79,141,151,그레이
#4FA600,79,166,0,올리브
#51260B,81,38,11,카키
#51265A,81,38,90,차콜
#513127,81,49,39,차콜
#513E3E,81,62,62,차콜
#514826,81,72,38,카키
#518274,81,130,116,그레이
#532821,83,40,33,차콜
#53CAEB,83,202,235,터쿼이즈
#547ED9,84,126,217,라벤더
#55BE47,85,190,71,그레이
#563F23,86,63,35,카키
#56595C,86,89,92,차콜
#56732E,86,115,46,카키
#572458,87,36,88,차콜
#57527E,87,82,126,그레이
#5781AE,87,129,174,그레이
#581963,88,25,99,퍼플
#587993,88,121,147,그레이
#59058D,89,5,141,퍼플
#591E55,89,30,85,차콜
#5998C9,89,152,201,라벤더
#5A272A,90,39,42,차콜
#5A2D5F,90,45,95,차콜
#5A5B51,90,91,81,차콜
#5A7060,90,112,96,그레이
#5B97B1,91,151,177,그레이
#5BC8E7,91,200,231,터쿼이즈
#5BDD45,91,221,69,그레이
#5D4718,93,71,24,카키
#5E2728,94,39,40,차콜
#5E2F24,94,47,36,카키
#5E3A51,94,58,81,차콜
#5E53C7,94,83,199,바이올렛
#5E6639,94,102,57,카키
#5EC998,94,201,152,민트
#5F1D5F,95,29,95,차콜
#60244E,96,36,78,차콜
#605A12,96,90,18,카키
#611774,97,23,116,퍼플
#61207F,97,32,127,퍼플
#613418,97,52,24,브라운
#613517,97,53,23,브라운
#616A74,97,106,116,그레이
#624A7E,98,74,126,그레이
#62524E,98,82,72,차콜
#627D7C,98,125,124,그레이
#62B4E8,98,180,232,스카이블루
#62BD19,98,189,25,올리브
#64300A,100,48,10,브라운
#645A50,100,90,80,차콜
#655415,101,84,21,카키
#668E3C,102,142,60,올리브
#66CFE6,102,207,230,스카이블루
#6732BA,103,50,186,바이올렛
#679000,103,144,0,올리브
#68177F,104,23,127,퍼플
#682F73,104,47,115,퍼플
#68322E,104,50,46,차콜
#6A1A7A,106,26,122,퍼플
#6A1D44,106,29,68,버건디
#6A2E22,106,46,34,브라운
#6A5B07,106,91,7,브라운
#6AB2E7,106,178,231,스카이블루
#6ADCA2,106,220,162,민트
#6C193F,108,25,63,버건디
#6C1B72,108,27,114,퍼플
#6C4713,108,71,19,브라운
#6C8072,108,128,114,그레이
#6CABE7,108,171,231,스카이블루
#6D2348,109,35,72,차콜
#6D4921,109,73,33,브라운
#6E20A0,110,32,160,퍼플
#6E2639,110,38,57,버건디
#6E6A12,110,106,18,올리브
#6E6F64,110,111,100,그레이
#6E7649,110,118,73,그레이
#6E8D82,110,141,130,그레이
#6E96D5,110,150,213,라벤더
#6F3014,111,48,20,브라운
#6F732D,111,115,45,올리브
#6F8DB9,111,141,185,라벤더
#6FD2E4,111,210,228,스카이블루
#70266C,112,38,108,퍼플
#703222,112,50,34,브라운
#704165,112,65,101,차콜
#715821,113,88,33,브라운
#715913,133,89,19,브라운
#723629,114,54,41,브라운
#72B8B4,114,184,180,민트
#7498C0,116,152,192,라벤더
#74A18E,116,161,142,그레이
#752641,117,38,65,버건디
#75D9D8,117,217,216,스카이블루
#763931,118,57,49,브라운
#767A7D,118,122,125,그레이
#76B900,118,185,0,올리브
#76C6BE,118,193,190,민트
#76D1BD,118,209,189,민트
#772B2F,119,43,47,브라운
#78A095,120,160,149,그레이
#78C7EB,120,199,235,스카이블루
#792720,121,39,32,브라운
#793F0D,121,63,13,브라운
#7973C2,121,115,194,라벤더
#7A1A57,122,26,87,퍼플
#7A1D42,122,29,66,버건디
#7A52C7,122,82,199,바이올렛
#7A560F,122,86,15,브라운
#7B2266,123,34,102,퍼플
#7B6E6A,123,110,106,그레이
#7B858A,123,133,138,그레이
#7BD2C8,123,210,200,민트
#7BDDD8,123,221,216,스카이블루
#7C211E,124,33,30,버건디
#7C2230,124,34,48,버건디
#7C2250,124,34,80,버건디
#7C6495,124,100,149,그레이
#7C7369,124,115,105,그레이
#7C98AE,124,152,174,라벤더
#7D0996,125,9,150,퍼플
#7D762F,125,118,47,올리브
#7E2271,126,34,113,퍼플
#7E2B42,126,43,66,버건디
#7E2B97,126,43,151,퍼플
#7E60CE,126,96,206,라벤더
#7F4C3E,127,76,62,브라운
#7F7800,127,120,0,올리브
#81333D,129,51,61,브라운
#817214,129,114,20,올리브
#81ADB5,129,173,181,민트
#81E0C7,129,224,199,민트
#820063,130,0,99,퍼플
#82CBDD,130,203,221,스카이블루
#8348B5,131,72,181,바이올렛
#836514,131,101,20,브라운
#836E2C,131,110,44,올리브
#843B00,132,59,0,브라운
#846E74,132,110,116,그레이
#853C10,133,60,16,브라운
#854A50,133,74,80,브라운
#855723,133,87,35,브라운
#8580D8,133,128,216,라벤더
#8581A4,133,129,164,라벤더
#85B0C6,133,176,198,민트
#863514,134,53,20,브라운
#868F98,134,143,152,그레이
#87887F,135,136,127,그레이
#87D300,135,211,0,라임
#87E0B0,135,224,176,민트
#885E80,136,94,128,그레이
#887811,136,120,17,올리브
#888600,136,134,0,올리브
#890857,137,8,87,퍼플
#892034,137,32,52,버건디
#89D5AF,137,213,175,민트
#8A0753,138,7,83,퍼플
#8A761A,138,118,26,올리브
#8B687D,139,104,125,그레이
#8B9000,139,144,0,올리브
#8CB4E8,140,180,232,스카이블루
#8D65D2,141,101,210,라벤더
#8D9150,141,145,80,그레이
#8DA09F,141,160,159,라벤더
#8DD4E9,141,212,233,스카이블루
#8EDBE5,142,219,229,스카이블루
#8FA8A0,143,168,160,민트
#9016B2,144,22,178,바이올렛
#902147,144,33,71,버건디
#905A33,144,90,51,브라운
#91353B,145,53,59,브라운
#9173D3,145,115,211,라벤더
#92499E,146,73,158,라벤더
#92C9EB,146,201,235,스카이블루
#93173B,147,23,59,버건디
#933F00,147,63,0,브라운
#939495,147,148,149,그레이
#939871,147,152,113,그레이
#93B9DC,147,185,220,스카이블루
#93BFEB,147,191,235,스카이블루
#944554,148,69,84,브라운
#948683,148,134,131,그레이
#9490D2,148,144,210,라벤더
#94A1E2,148,161,226,라벤더
#94D8C8,148,216,200,민트
#95288F,149,40,143,퍼플
#95416F,149,64,111,그레이
#959200,149,146,0,올리브
#95A1C3,149,161,195,라벤더
#96004B,150,0,75,버건디
#962399,150,35,153,퍼플
#970076,151,0,118,퍼플
#977F09,151,127,9,올리브
#97A69B,151,166,155,민트
#97B1D0,151,177,208,라이트 그레이
#988F86,152,143,134,그레이
#98BAAC,152,186,172,민트
#98CCC9,152,204,201,민트
#98D9DB,152,217,219,스카이블루
#9950B2,153,80,178,라벤더
#995409,153,84,9,브라운
#998000,153,128,0,올리브
#998D00,153,141,0,올리브
#99A3A6,153,163,166,라벤더
#99AECE,153,174,206,라이트 그레이
#9A3416,154,52,22,브라운
#9A4B00,154,75,0,브라운
#9B4D1B,155,77,27,브라운
#9B6E5F,155,110,95,그레이
#9B8900,155,137,0,올리브
#9B8948,155,137,72,카멜
#9C1E3D,156,30,61,버건디
#9C4878,156,72,120,그레이
#9C8E2A,156,142,42,카멜
#9D9754,157,151,84,카멜
#9D9D96,157,157,150,라벤더
#9DD6CF,157,214,207,민트
#9E0389,158,3,137,퍼플
#9E1B34,158,27,52,버건디
#9E6209,158,96,9,브라운
#9EBCB3,158,188,179,민트
#9F2D20,159,45,32,브라운
#9F6000,159,96,0,브라운
#9F9B74,159,155,116,그레이
#9FAA00,159,170,0,올리브
#9FC1D3,159,193,211,라이트 그레이
#9FD98B,159,217,139,민트
#9FE4DB,159,228,219,스카이블루
#A12830,161,40,48,브라운
#A16971,161,105,113,그레이
#A17C00,161,124,0,올리브
#A17E9A,161,126,154,라벤더
#A1BBE4,161,187,228,스카이블루
#A1BDEA,161,189,234,스카이블루
#A1C3C9,161,195,201,라이트 그레이
#A22630,162,38,48,브라운
#A24A13,162,74,19,브라운
#A24CC8,162,76,200,바이올렛
#A24E12,162,78,18,브라운
#A276CC,162,118,204,라벤더
#A29FE0,162,159,224,라벤더
#A2DBEB,162,219,235,스카이블루
#A30059,163,0,89,퍼플
#A392B7,163,146,183,라벤더
#A4B1CD,164,177,205,라이트 그레이
#A4CEEC,164,206,236,스카이블루
#A4D867,164,216,103,모카
#A59997,165,153,151,라벤더
#A5B8C9,165,184,201,라이트 그레이
#A5D9EC,165,217,236,스카이블루
#A5DB92,165,219,146,민트
#A6006B,166,0,107,퍼플
#A67A00,166,122,0,올리브
#A6DEC1,166,222,193,민트
#A70084,167,0,132,퍼플
#A774CD,167,116,205,라벤더
#A7AB74,167,171,116,모카
#A7E6C4,167,230,196,민트
#A83C0F,168,60,15,브라운
#A8ADB4,168,173,180,라이트 그레이
#A91BB0,169,27,176,바이올렛
#A9AAAB,169,170,171,라이트 그레이
#A9BDB6,169,189,182,라이트 그레이
#A9C7EC,169,199,236,스카이블루
#AA1054,170,16,84,마젠타
#AA113F,170,17,63,버건디
#AA800E,170,128,14,올리브
#AA94DE,170,148,222,라벤더
#AAA7C1,170,167,193,라이트 그레이
#AAB8B9,170,184,185,라이트 그레이
#AADAE5,170,218,229,스카이블루
#ABA200,171,162,0,올리브
#ABB400,171,180,0,머스타드
#AC0481,172,4,129,퍼플
#AC703D,172,112,61,카멜
#AC9600,172,150,0,올리브
#ACC7BD,172,199,189,라이트 그레이
#AD806C,173,128,108,그레이
#AD85BA,173,133,186,라벤더
#ADA59D,173,165,157,모카
#ADA86B,173,168,107,모카
#ADACDC,173,172,220,라이트 그레이
#ADB291,173,178,145,모카
#ADDDEB,173,221,235,스카이블루
#AE0055,174,0,85,마젠타
#AE005F,174,0,95,마젠타
#AF8F00,175,143,0,올리브
#B0232A,176,35,42,브라운
#B06876,176,104,118,그레이
#B10042,177,0,66,마젠타
#B17F5C,177,127,92,카멜
#B195A6,177,149,166,라벤더
#B1BCB5,177,188,181,라이트 그레이
#B1C5EA,177,197,234,라이트 그레이
#B1CBE5,177,203,229,라이트 그레이
#B279C8,178,121,200,라벤더
#B28D7F,178,141,127,그레이
#B29200,178,146,0,올리브
#B2BC00,178,188,0,머스타드
#B2C891,178,200,145,모카
#B2E7DF,178,231,223,라이트 그레이
#B3009D,183,0,157,마젠타
#B31B34,179,27,52,버건디
#B38A00,179,138,0,올리브
#B39D00,179,157,0,머스타드
#B3BCC0,179,188,192,라이트 그레이
#B46B93,180,107,147,라벤더
#B4A851,180,168,81,카멜
#B4DEDB,180,222,219,라이트 그레이
#B5A570,181,165,112,모카
#B5B292,181,178,146,모카
#B5B6B0,181,182,176,라이트 그레이
#B62A79,182,42,121,마젠타
#B67100,182,113,0,올리브
#B75312,183,83,18,브라운
#B7848C,183,132,140,라벤더
#B7A6AD,183,166,173,라이트 그레이
#B8749E,184,116,158,라벤더
#B99C6B,185,156,107,모카
#B9D0DC,185,208,220,라이트 그레이
#B9D300,182,211,0,라임
#B9DCDA,185,220,218,라이트 그레이
#BA394E,186,57,78,레드
#BABBBC,186,187,188,라이트 그레이
#BAE55F,186,229,95,모카
#BB8900,187,137,0,머스타드
#BB99DA,187,153,218,라이트 그레이
#BBA800,187,168,0,머스타드
#BCA8E6,188,168,230,라이트 그레이
#BCCAD6,188,202,214,라이트 그레이
#BCE18D,188,225,141,모카
#BD9ECA,189,158,202,라이트 그레이
#BDB8B1,189,184,177,라이트 그레이
#BDC2A9,189,194,169,라이트 그레이
#BDC5BF,189,197,191,라이트 그레이
#BDC6DA,189,198,218,라이트 그레이
#BDD0A0,189,208,160,라이트 그레이
#BDD0EE,186,208,238,라이트 그레이
#BDD2CC,189,210,204,라이트 그레이
#BEB800,190,184,0,머스타드
#BED5D9,190,213,217,라이트 그레이
#BED9ED,190,217,373,스카이블루
#BFAFE4,191,175,228,라이트 그레이
#BFCBCC,191,203,204,라이트 그레이
#BFD0EA,191,208,234,라이트 그레이
#BFD3E6,191,211,230,라이트 그레이
#BFE5EA,191,229,234,라이트 그레이
#C0362C,192,54,44,레드
#C06600,192,102,0,오렌지
#C0722F,192,114,47,카멜
#C084DC,192,132,220,라벤더
#C09477,192,148,119,모카
#C0A6BD,192,166,189,라이트 그레이
#C0CFCB,192,207,203,라이트 그레이
#C0D4CD,192,212,205,라이트 그레이
#C10435,193,4,53,마젠타
#C1BED1,193,190,209,라이트 그레이
#C1C49A,193,196,154,모카
#C1E2DE,193,226,222,라이트 그레이
#C2510F,194,81,15,오렌지
#C2CDE0,194,205,224,라이트 그레이
#C30C3E,195,12,62,마젠타
#C38E63,195,142,99,카멜
#C3C8CD,195,200,205,라이트 그레이
#C40098,196,0,152,마젠타
#C41E99,196,30,153,마젠타
#C4B300,196,179,0,머스타드
#C4CBEA,196,203,234,라이트 그레이
#C5AAA0,197,170,160,모카
#C5BA8E,197,186,142,모카
#C5BBD3,197,187,211,라이트 그레이
#C5D2E3,197,210,227,라이트 그레이
#C5D5A9,197,213,169,라이트 그레이
#C686A9,198,134,169,라벤더
#C69200,198,146,0,머스타드
#C6A4E1,198,164,225,라이트 그레이
#C6B0BE,198,176,190,라이트 그레이
#C6DB00,198,219,0,라임
#C70BAC,199,11,172,마젠타
#C79DD8,199,157,216,라이트 그레이
#C7C397,199,195,151,모카
#C88691,200,134,145,모카
#C8A99A,200,169,154,모카
#C8BAC0,200,186,192,라이트 그레이
#C8C5AC,200,197,172,라이트 그레이
#C8C9C3,200,201,195,라이트 그레이
#C8DB00,200,219,0,라임
#C8E2E8,200,226,232,라이트 그레이
#C90081,201,0,129,마젠타
#C9C37F,201,195,127,모카
#CA4E00,202,78,0,오렌지
#CA65D1,202,101,209,라벤더
#CA909C,202,144,156,모카
#CAAD00,202,173,0,머스타드
#CAB388,202,179,136,모카
#CAC4C2,202,196,194,라이트 그레이
#CB0447,203,4,71,마젠타
#CB97B7,203,151,183,라이트 그레이
#CBA4D4,203,164,212,라이트 그레이
#CBB2D5,203,178,213,라이트 그레이
#CBD1D4,203,209,212,라이트 그레이
#CBD34C,203,211,76,모카
#CCCCCC,204,204,204,라이트 그레이
#CCD4D4,204,212,212,라이트 그레이
#CCD6E0,204,214,224,라이트 그레이
#CCE5A2,204,229,162,라이트 그레이
#CD5806,205,88,6,오렌지
#CDC9C4,205,201,196,라이트 그레이
#CDD3CD,205,211,205,라이트 그레이
#CDE3E2,205,227,226,라이트 그레이
#CDE985,205,233,133,모카
#CE62A4,206,98,164,라벤더
#CE9D00,206,157,0,머스타드
#CED1B3,206,209,179,라이트 그레이
#CED2BF,206,210,191,라이트 그레이
#CED9E7,206,217,231,라이트 그레이
#CF5200,207,82,0,오렌지
#CF7600,207,118,0,오렌지
#CFA5E4,207,165,228,라이트 그레이
#CFB1E3,207,177,227,라이트 그레이
#CFDDBB,207,221,187,라이트 그레이
#CFDEE1,207,222,225,라이트 그레이
#D00063,208,0,99,마젠타
#D02433,208,36,51,레드
#D1A9B0,209,169,176,라이트 그레이
#D1AE97,209,174,151,모카
#D21034,210,16,52,레드
#D2D6D9,210,214,217,라이트 그레이
#D2D7E4,210,215,228,라이트 그레이
#D2DFDC,210,223,220,라이트 그레이
#D32939,211,41,57,레드
#D385C8,211,133,200,라벤더
#D38DA6,211,141,166,모카
#D3C9CE,211,201,206,라이트 그레이
#D3CFAC,211,207,172,라이트 그레이
#D3DEDB,211,222,219,라이트 그레이
#D3E13C,211,225,60,라임
#D49100,212,145,0,머스타드
#D4BEB6,212,190,182,라이트 그레이
#D4C4CE,212,196,206,라이트 그레이
#D4CCAA,212,204,170,라이트 그레이
#D4D4E0,212,212,224,라이트 그레이
#D4DCE8,212,220,232,라이트 그레이
#D4DDED,212,221,237,아이보리
#D5647C,213,100,124,코랄
#D58F59,213,143,89,카멜
#D5AA88,213,170,136,모카
#D5BDB0,213,189,176,라이트 그레이
#D5C4A1,213,196,161,모카
#D5D3BF,213,211,191,라이트 그레이
#D60077,214,0,119,마젠타
#D67500,214,117,0,오렌지
#D6C5D3,214,197,211,라이트 그레이
#D7004D,215,0,77,마젠타
#D708B2,215,8,178,마젠타
#D733B4,215,51,180,마젠타
#D7C4E7,215,196,231,라이트 그레이
#D7D0E0,215,208,224,라이트 그레이
#D7D29D,215,210,157,모카
#D7E300,215,227,0,라임
#D7E9A1,215,233,161,레몬
#D81F2A,216,31,42,레드
#D84519,216,69,25,레드
#D8BD00,216,189,0,머스타드
#D8CBEB,216,203,235,라이트 그레이
#D8CC46,216,204,70,카멜
#D8DB6F,216,219,111,모카
#D99CE1,217,156,225,라이트 그레이
#D9A7B1,217,167,177,라이트 그레이
#D9BFE0,217,191,224,라이트 그레이
#D9D7B9,217,215,185,라이트 그레이
#D9DCC5,217,220,197,베이지
#DA5C05,218,92,5,오렌지
#DA89BE,218,137,190,라이트 그레이
#DACCE1,218,204,225,라이트 그레이
#DB0C41,219,12,65,마젠타
#DBAE00,219,174,0,머스타드
#DBAEC6,219,174,198,라이트 그레이
#DBBCC1,219,188,193,라이트 그레이
#DBCA67,219,202,103,모카
#DC241F,220,36,31,레드
#DDC2B0,221,194,176,라이트 그레이
#DDCDC7,221,205,199,라이트 그레이
#DDCEC4,221,206,196,라이트 그레이
#DDDBB1,221,219,177,베이지
#DDDF00,221,223,0,라임
#DDE18A,221,225,138,모카
#DDE56C,221,229,108,모카
#DE6100,222,97,0,오렌지
#DEACB7,222,172,183,라이트 그레이
#DEBDD4,222,189,212,핑크
#DED8E6,222,216,230,베이지
#DED9C2,222,217,194,베이지
#DEE63A,222,230,58,라임
#DF81D6,223,129,214,핑크
#DFA5D6,223,165,214,핑크
#DFD27C,223,210,124,모카
#DFD4DB,223,212,219,베이지
#E0218A,224,33,138,마젠타
#E032AF,224,50,175,마젠타
#E0CA00,224,202,0,머스타드
#E0D4BB,224,212,187,베이지
#E0D5DE,225,213,222,베이지
#E1A7CF,225,167,207,핑크
#E1BCD0,225,188,208,핑크
#E1BEA4,225,190,164,모카
#E1E400,225,228,0,라임
#E23828,226,56,40,레드
#E270CD,226,112,205,라벤더
#E2ABBF,226,171,191,핑크
#E2C1C8,226,193,200,핑크
#E2C9DA,226,201,218,핑크
#E2D973,226,217,115,모카
#E2E59F,226,229,157,레몬
#E34585,227,69,133,마젠타
#E3C0E6,227,192,230,핑크
#E3CBD0,227,203,208,핑크
#E3E1C1,227,225,193,베이지
#E40050,228,0,80,마젠타
#E44D6F,228,77,11,오렌지
#E47F00,228,127,0,머스타드
#E49969,228,153,105,코랄
#E4D2C5,228,210,197,베이지
#E4E400,228,228,0,라임
#E5239D,229,35,157,마젠타
#E54661,229,70,97,레드
#E54800,229,72,0,레드
#E55300,229,83,0,오렌지
#E58DA2,229,141,162,모카
#E5AE86,229,174,134,모카
#E5BFC7,229,191,199,핑크
#E5CAD9,229,202,217,핑크
#E5D1DF,229,209,223,핑크
#E5DB97,229,219,151,레몬
#E5E96E,229,233,110,레몬
#E61577,230,21,119,마젠타
#E653BC,230,83,188,라벤더
#E6A2E0,230,162,224,핑크
#E6C1DB,230,193,219,핑크
#E76F00,231,111,0,오렌지
#E7A7B6,231,167,182,핑크
#E7B9CA,231,185,202,핑크
#E7BADF,231,186,223,핑크
#E7CDD2,231,205,210,핑크
#E7E29A,231,226,154,레몬
#E7E3B5,231,227,181,베이지
#E86FB8,232,111,184,라벤더
#E87BAC,232,123,172,코랄
#E8B7E5,232,183,229,핑크
#E8CEBB,232,206,187,핑크
#E90649,233,6,73,마젠타
#E96B10,233,107,16,오렌지
#E9C2D1,233,194,209,핑크
#E9CCD2,233,204,210,핑크
#E9DC00,233,220,0,라임
#E9E6B4,223,230,180,베이지
#E9E73F,233,231,63,라임
#EA0437,234,4,55,레드
#EA12AF,234,18,175,마젠타
#EAD4E4,234,212,228,핑크
#EADB1B,234,219,27,라임
#EB9BB2,235,155,178,핑크
#EBAB00,235,171,0,머스타드
#EBADCD,235,173,205,핑크
#EBC6D3,235,198,211,핑크
#EBCAE3,235,202,227,핑크
#EBCDC3,235,205,195,핑크
#EBE9C3,235,233,195,베이지
#EC9384,236,147,132,코랄
#ECA9B9,236,169,185,핑크
#ECAB9D,236,171,157,모카
#ECBBAF,236,187,175,핑크
#ECBBDD,236,187,221,핑크
#ECC3A5,236,195,165,모카
#ECD6AF,236,214,175,베이지
#ECE100,236,225,0,옐로
#ED8000,237,128,0,머스타드
#ED9B4F,237,155,79,코랄
#EDB8C5,237,184,197,핑크
#EDB996,237,185,150,모카
#EDCFD7,237,207,215,핑크
#EDE25E,237,226,94,레몬
#EDEB8F,237,235,143,레몬
#EE86D3,238,134,211,핑크
#EEC5A9,238,197,169,핑크
#EEE88D,238,232,141,레몬
#EEEAA5,238,234,165,레몬
#EEEBB6,238,235,182,베이지
#EF40B0,239,64,176,마젠타
#EF6782,239,103,130,코랄
#EF6ABF,239,106,191,라벤더
#EFAA23,239,170,35,머스타드
#EFC18A,239,193,138,모카
#EFC3E4,239,195,228,핑크
#EFC4CE,239,196,206,핑크
#EFC868,239,200,104,코랄
#EFCFB8,239,207,184,베이지
#EFDF85,239,223,133,레몬
#EFE600,239,230,0,옐로
#F02233,240,34,51,레드
#F0C2CD,240,194,205,핑크
#F0D0BB,240,208,187,베이지
#F0EB7A,240,235,122,레몬
#F17C0E,241,124,14,오렌지
#F1AB00,241,171,0,머스타드
#F1BB46,241,187,70,코랄
#F1CD44,241,205,68,코랄
#F23F72,242,63,114,마젠타
#F2558A,242,85,138,코랄
#F293D1,242,147,209,핑크
#F2B0DF,242,176,223,핑크
#F2D65E,242,214,94,코랄
#F2D6DE,242,214,222,핑크
#F34E9A,243,78,154,코랄
#F3BCD4,243,188,212,핑크
#F3E2A7,243,226,167,베이지
#F3ED86,243,237,134,레몬
#F575C9,245,117,201,핑크
#F590A6,245,144,166,코랄
#F59BBD,245,155,189,핑크
#F5B0C1,245,176,193,핑크
#F5C7D4,245,199,212,핑크
#F5DD92,245,221,146,레몬
#F5EC62,245,236,98,레몬
#F6E761,246,231,97,레몬
#F7A7DB,247,167,219,핑크
#F85D7E,248,93,129,코랄
#F8779E,248,119,158,코랄
#F8A1BE,248,161,190,핑크
#F8B8CB,248,184,203,핑크
#F8D583,248,213,131,레몬
#F9425F,249,66,95,레드
#F9455B,249,69,91,레드
#F97DB8,249,125,184,핑크
#F9964A,249,150,74,코랄
#F9DF79,249,223,121,레몬
#FA9FCC,250,159,204,핑크
#FAAFC2,250,175,194,핑크
#FACDAE,250,205,174,핑크
#FAE051,250,224,81,코랄
#FAE15A,250,225,90,레몬
#FAE22F,250,226,47,옐로
#FAE600,250,230,0,옐로
#FB6581,251,101,129,코랄
#FBC399,251,195,153,모카
#FBCF8D,251,207,141,모카
#FBD09D,251,208,157,베이지
#FBDB6E,251,219,110,레몬
#FBDE4A,251,222,74,코랄
#FC8DA9,252,141,169,코랄
#FD4703,253,71,3,레드
#FDB179,253,177,121,코랄
#FDC3AA,253,195,170,핑크
#FDC745,253,199,69,코랄
#FDC87D,253,200,125,코랄
#FDD44F,253,212,79,코랄
#FE9DB0,254,157,176,핑크
#FEC688,254,198,136,코랄
#FEC85A,254,200,90,코랄
#FEDB00,254,219,0,옐로
#FF1CAC,255,28,172,마젠타
#FF3485,255,52,133,마젠타
#FF5200,255,82,0,오렌지
#FF585E,255,88,94,오렌지
#FF5B60,255,91,96,오렌지
#FF5F00,255,95,0,오렌지
#FF6141,255,97,65,오렌지
#FF6900,255,105,0,오렌지
#FF6C3B,255,108,59,오렌지
#FF7200,255,114,0,오렌지
#FF7300,255,115,0,오렌지
#FF7750,255,119,80,오렌지
#FF7E43,255,126,67,오렌지
#FF818C,255,129,140,코랄
#FF859A,255,133,154,코랄
#FF8642,255,134,66,오렌지
#FF897B,255,137,123,코랄
#FF8E70,255,142,112,코랄
#FF963B,255,150,59,오렌지
#FF9A00,255,154,0,머스타드
#FF9C71,255,156,113,코랄
#FF9F00,255,159,0,머스타드
#FFA243,255,162,67,코랄
#FFA28B,255,162,139,코랄
#FFA94F,255,169,79,코랄
#FFA97D,255,169,125,코랄
#FFACB9,255,172,185,핑크
#FFB300,255,179,0,머스타드
#FFB57B,255,181,123,코랄
#FFB6B1,255,182,177,핑크
#FFB754,255,183,84,코랄
#FFBC3A,255,188,58,머스타드
#FFBFA0,255,191,160,핑크
#FFC726,255,199,38,머스타드
#FFCE00,255,206,0,머스타드
#FFCE09,225,206,9,머스타드
#FFD100,255,209,0,머스타드
#FFE805,225,232,5,라임
#000000,0,0,0,블랙
#FFFFFF,255,255,255,화이트
#FAE7C4,250,231,196,베이지
#808080,128,128,128,그레이
#444445,68,68,69,차콜
#FFF8D9,255,248,217,아이보리
#C0C0C0,192,192,192,라이트 그레이
#EB3324,235,51,36,레드
#800020,128,0,32,버건디
#FFC0CB,255,192,203,핑크
#EE6423,238,100,35,오렌지
#BF8A3D,191,138,61,카멜
#FF00FF,214,0,110,마젠타
#FFA07A,255,160,122,코랄
#FFFF00,255,255,0,옐로
#FFFF99,255,255,153,레몬
#EAAA00,234,170,0,머스타드
#8B4513,139,69,19,브라운
#D2B48C,210,180,140,모카
#808000,128,128,0,올리브
#465626,70,86,38,카키
#0F6F0E,15,111,14,그린
#95D0AB,149,208,171,민트
#023020,2,48,32,딥그린
#40E0D0,64,224,208,터쿼이즈
#CEFA05,206,250,6,라임
#8A2BE2,138,43,226,바이올렛
#800080,128,0,128,퍼플
#9C81BB,156,129,187,라벤더
#0F45BC,15,69,188,블루
#87CEFA,135,206,250,스카이블루
#000080,0,0,128,네이비